Date,HomeTeam,AwayTeam,FTHG,FTAG,HomeTeamRank,HomeTeamPosition,HomeTeamCumPts,AwayTeamRank,AwayTeamPosition,AwayTeamCumPts
2022-05-22,Norwich,Tottenham,0,5,20.0,20,22.0,4.0,4,71.0
2022-05-22,Chelsea,Watford,2,1,3.0,3,74.0,19.0,19,23.0
2022-05-22,Arsenal,Everton,5,1,5.0,5,69.0,16.0,16,39.0
2022-05-22,Brighton,West Ham,3,1,9.0,9,51.0,7.0,7,56.0
2022-05-22,Burnley,Newcastle,1,2,18.0,18,35.0,11.0,11,49.0
2022-05-22,Brentford,Leeds,1,2,13.0,13,46.0,17.0,17,38.0
2022-05-22,Crystal Palace,Man United,1,0,12.0,12,48.0,6.0,6,58.0
2022-05-22,Leicester,Southampton,4,1,8.0,8,52.0,15.0,15,40.0
2022-05-22,Liverpool,Wolves,3,1,2.0,2,92.0,10.0,10,51.0
2022-05-22,Man City,Aston Villa,3,2,1.0,1,93.0,14.0,14,45.0
2022-05-19,Chelsea,Leicester,1,1,3.0,3,71.0,9.0,9,49.0
2022-05-19,Aston Villa,Burnley,1,1,14.0,14,45.0,17.0,17,35.0
2022-05-19,Everton,Crystal Palace,3,2,16.0,16,39.0,13.0,13,45.0
2022-05-17,Southampton,Liverpool,1,2,15.0,15,40.0,2.0,2,89.0
2022-05-16,Newcastle,Arsenal,2,0,12.0,12,46.0,5.0,5,66.0
2022-05-15,Watford,Leicester,1,5,19.0,19,23.0,9.0,9,48.0
2022-05-15,Aston Villa,Crystal Palace,1,1,13.0,13,44.0,12.0,12,45.0
2022-05-15,Leeds,Brighton,1,1,17.0,17,35.0,10.0,10,48.0
2022-05-15,Tottenham,Burnley,1,0,4.0,4,68.0,18.0,18,34.0
2022-05-15,West Ham,Man City,2,2,7.0,7,56.0,1.0,1,90.0
2022-05-15,Everton,Brentford,2,3,16.0,16,36.0,11.0,11,46.0
2022-05-15,Wolves,Norwich,1,1,8.0,8,51.0,20.0,20,22.0
2022-05-12,Tottenham,Arsenal,3,0,5.0,5,65.0,4.0,4,66.0
2022-05-11,Wolves,Man City,1,5,8.0,8,50.0,1.0,1,89.0
2022-05-11,Watford,Everton,0,0,19.0,19,23.0,16.0,16,36.0
2022-05-11,Leicester,Norwich,3,0,10.0,10,45.0,20.0,20,21.0
2022-05-11,Leeds,Chelsea,0,3,18.0,18,34.0,3.0,3,70.0
2022-05-10,Aston Villa,Liverpool,1,2,11.0,11,43.0,2.0,2,86.0
2022-05-08,Norwich,West Ham,0,4,20.0,20,21.0,7.0,7,55.0
2022-05-08,Leicester,Everton,1,2,14.0,14,42.0,16.0,16,35.0
2022-05-08,Arsenal,Leeds,2,1,4.0,4,66.0,18.0,18,34.0
2022-05-08,Man City,Newcastle,5,0,1.0,1,86.0,13.0,13,43.0
2022-05-07,Liverpool,Tottenham,1,1,1.0,1,83.0,5.0,5,62.0
2022-05-07,Brighton,Man United,4,0,9.0,9,47.0,6.0,6,58.0
2022-05-07,Crystal Palace,Watford,1,0,10.0,10,44.0,19.0,19,22.0
2022-05-07,Chelsea,Wolves,2,2,3.0,3,67.0,8.0,8,50.0
2022-05-07,Burnley,Aston Villa,1,3,16.0,16,34.0,11.0,11,43.0
2022-05-07,Brentford,Southampton,3,0,12.0,12,43.0,15.0,15,40.0
2022-05-02,Man United,Brentford,3,0,6.0,6,58.0,14.0,14,40.0
2022-05-01,West Ham,Arsenal,1,2,7.0,7,52.0,4.0,4,63.0
2022-05-01,Tottenham,Leicester,3,1,5.0,5,61.0,11.0,11,42.0
2022-05-01,Everton,Chelsea,1,0,18.0,18,32.0,3.0,3,66.0
2022-04-30,Watford,Burnley,1,2,19.0,19,22.0,16.0,16,34.0
2022-04-30,Newcastle,Liverpool,0,1,10.0,10,43.0,2.0,2,82.0
2022-04-30,Aston Villa,Norwich,2,0,13.0,13,40.0,20.0,20,21.0
2022-04-30,Southampton,Crystal Palace,1,2,15.0,15,40.0,12.0,12,41.0
2022-04-30,Wolves,Brighton,0,3,8.0,8,49.0,9.0,9,44.0
2022-04-30,Leeds,Man City,0,4,17.0,17,34.0,1.0,1,83.0
2022-04-28,Man United,Chelsea,1,1,6.0,6,55.0,3.0,3,66.0
2022-04-25,Crystal Palace,Leeds,0,0,14.0,14,38.0,16.0,16,34.0
2022-04-24,Liverpool,Everton,2,0,2.0,2,79.0,18.0,18,29.0
2022-04-24,Chelsea,West Ham,1,0,3.0,3,65.0,7.0,7,52.0
2022-04-24,Burnley,Wolves,1,0,17.0,17,31.0,8.0,8,49.0
2022-04-24,Brighton,Southampton,2,2,11.0,11,41.0,13.0,13,40.0
2022-04-23,Man City,Watford,5,1,1.0,1,80.0,19.0,19,22.0
2022-04-23,Arsenal,Man United,3,1,4.0,4,60.0,6.0,6,54.0
2022-04-23,Leicester,Aston Villa,0,0,10.0,10,42.0,15.0,15,37.0
2022-04-23,Norwich,Newcastle,0,3,20.0,20,21.0,9.0,9,43.0
2022-04-23,Brentford,Tottenham,0,0,11.0,11,40.0,5.0,5,58.0
2022-04-21,Burnley,Southampton,2,0,18.0,18,28.0,13.0,13,39.0
2022-04-20,Man City,Brighton,3,0,1.0,1,77.0,10.0,10,40.0
2022-04-20,Newcastle,Crystal Palace,1,0,11.0,11,40.0,14.0,14,37.0
2022-04-20,Everton,Leicester,1,1,17.0,17,29.0,9.0,9,41.0
2022-04-20,Chelsea,Arsenal,2,4,3.0,3,62.0,5.0,5,57.0
2022-04-19,Liverpool,Man United,4,0,1.0,1,76.0,6.0,6,54.0
2022-04-17,West Ham,Burnley,1,1,7.0,7,52.0,18.0,18,25.0
2022-04-17,Newcastle,Leicester,2,1,14.0,14,37.0,9.0,9,40.0
2022-04-16,Tottenham,Brighton,0,1,4.0,4,57.0,10.0,10,40.0
2022-04-16,Man United,Norwich,3,2,5.0,5,54.0,20.0,20,21.0
2022-04-16,Southampton,Arsenal,1,0,12.0,12,39.0,6.0,6,54.0
2022-04-16,Watford,Brentford,1,2,19.0,19,22.0,11.0,11,39.0
2022-04-10,Man City,Liverpool,2,2,1.0,1,74.0,2.0,2,73.0
2022-04-10,Norwich,Burnley,2,0,20.0,20,21.0,18.0,18,24.0
2022-04-10,Leicester,Crystal Palace,2,1,9.0,9,40.0,10.0,10,37.0
2022-04-10,Brentford,West Ham,2,0,13.0,13,36.0,6.0,6,51.0
2022-04-09,Southampton,Chelsea,0,6,13.0,13,36.0,3.0,3,62.0
2022-04-09,Everton,Man United,1,0,17.0,17,28.0,7.0,7,51.0
2022-04-09,Arsenal,Brighton,1,2,5.0,5,54.0,11.0,11,37.0
2022-04-09,Watford,Leeds,0,3,19.0,19,22.0,16.0,16,33.0
2022-04-09,Aston Villa,Tottenham,0,4,12.0,12,36.0,4.0,4,57.0
2022-04-08,Newcastle,Wolves,1,0,14.0,14,34.0,8.0,8,49.0
2022-04-06,Burnley,Everton,3,2,18.0,18,24.0,17.0,17,25.0
2022-04-04,Crystal Palace,Arsenal,3,0,9.0,9,37.0,5.0,5,54.0
2022-04-03,Tottenham,Newcastle,5,1,4.0,4,54.0,15.0,15,31.0
2022-04-03,West Ham,Everton,2,1,6.0,6,51.0,17.0,17,25.0
2022-04-02,Chelsea,Brentford,1,4,3.0,3,59.0,14.0,14,33.0
2022-04-02,Brighton,Norwich,0,0,13.0,13,34.0,20.0,20,18.0
2022-04-02,Burnley,Man City,0,2,19.0,19,21.0,1.0,1,73.0
2022-04-02,Liverpool,Watford,2,0,2.0,2,72.0,18.0,18,22.0
2022-04-02,Leeds,Southampton,1,1,16.0,16,30.0,11.0,11,36.0
2022-04-02,Wolves,Aston Villa,2,1,7.0,7,49.0,10.0,10,36.0
2022-04-02,Man United,Leicester,1,1,6.0,6,51.0,9.0,9,37.0
2022-03-20,Tottenham,West Ham,3,1,5.0,5,51.0,7.0,7,48.0
2022-03-20,Leicester,Brentford,2,1,10.0,10,36.0,15.0,15,30.0
2022-03-19,Aston Villa,Arsenal,0,1,9.0,9,36.0,4.0,4,54.0
2022-03-18,Wolves,Leeds,2,3,8.0,8,46.0,16.0,16,29.0
2022-03-17,Everton,Newcastle,1,0,17.0,17,25.0,14.0,14,31.0
2022-03-16,Arsenal,Liverpool,0,2,4.0,4,51.0,2.0,2,69.0
2022-03-16,Brighton,Tottenham,0,2,13.0,13,33.0,7.0,7,48.0
2022-03-14,Crystal Palace,Man City,0,0,11.0,11,34.0,1.0,1,70.0
2022-03-13,Leeds,Norwich,2,1,16.0,16,26.0,20.0,20,17.0
2022-03-13,Arsenal,Leicester,2,0,4.0,4,51.0,12.0,12,33.0
2022-03-13,West Ham,Aston Villa,2,1,6.0,6,48.0,9.0,9,36.0
2022-03-13,Southampton,Watford,1,2,10.0,10,35.0,18.0,18,22.0
2022-03-13,Everton,Wolves,0,1,17.0,17,22.0,7.0,7,46.0
2022-03-13,Chelsea,Newcastle,1,0,3.0,3,59.0,14.0,14,31.0
2022-03-12,Brentford,Burnley,2,0,15.0,15,30.0,18.0,18,21.0
2022-03-12,Brighton,Liverpool,0,2,13.0,13,33.0,2.0,2,66.0
2022-03-12,Man United,Tottenham,3,2,4.0,4,50.0,7.0,7,45.0
2022-03-10,Leeds,Aston Villa,0,3,16.0,16,23.0,9.0,9,36.0
2022-03-10,Wolves,Watford,4,0,8.0,8,43.0,19.0,19,19.0
2022-03-10,Southampton,Newcastle,1,2,10.0,10,35.0,14.0,14,31.0
2022-03-10,Norwich,Chelsea,1,3,20.0,20,17.0,3.0,3,56.0
2022-03-07,Tottenham,Everton,5,0,7.0,7,45.0,17.0,17,22.0
2022-03-06,Man City,Man United,4,1,1.0,1,69.0,5.0,5,47.0
2022-03-06,Watford,Arsenal,2,3,19.0,19,19.0,4.0,4,48.0
2022-03-05,Leicester,Leeds,1,0,12.0,12,33.0,16.0,16,23.0
2022-03-05,Aston Villa,Southampton,4,0,11.0,11,33.0,9.0,9,35.0
2022-03-05,Newcastle,Brighton,2,1,14.0,14,28.0,13.0,13,33.0
2022-03-05,Burnley,Chelsea,0,4,18.0,18,21.0,3.0,3,53.0
2022-03-05,Wolves,Crystal Palace,0,2,8.0,8,40.0,10.0,10,33.0
2022-03-05,Norwich,Brentford,1,3,20.0,20,17.0,15.0,15,27.0
2022-03-05,Liverpool,West Ham,1,0,2.0,2,63.0,5.0,5,45.0
2022-03-01,Burnley,Leicester,0,2,18.0,18,21.0,12.0,12,30.0
2022-02-27,West Ham,Wolves,1,0,5.0,5,45.0,8.0,8,40.0
2022-02-26,Man United,Watford,0,0,4.0,4,47.0,19.0,19,19.0
2022-02-26,Leeds,Tottenham,0,4,16.0,16,23.0,7.0,7,42.0
2022-02-26,Crystal Palace,Burnley,1,1,11.0,11,30.0,18.0,18,21.0
2022-02-26,Brentford,Newcastle,0,2,15.0,15,24.0,14.0,14,25.0
2022-02-26,Brighton,Aston Villa,0,2,10.0,10,33.0,12.0,12,30.0
2022-02-26,Everton,Man City,0,1,17.0,17,22.0,1.0,1,66.0
2022-02-25,Southampton,Norwich,2,0,9.0,9,35.0,20.0,20,17.0
2022-02-24,Arsenal,Wolves,2,1,5.0,5,45.0,7.0,7,40.0
2022-02-23,Liverpool,Leeds,6,0,2.0,2,60.0,15.0,15,23.0
2022-02-23,Watford,Crystal Palace,1,4,19.0,19,18.0,11.0,11,29.0
2022-02-23,Burnley,Tottenham,1,0,18.0,18,20.0,8.0,8,39.0
2022-02-20,Wolves,Leicester,2,1,7.0,7,40.0,11.0,11,27.0
2022-02-20,Leeds,Man United,2,4,15.0,15,23.0,4.0,4,46.0
2022-02-19,Arsenal,Brentford,2,1,6.0,6,42.0,14.0,14,24.0
2022-02-19,Liverpool,Norwich,3,1,2.0,2,57.0,20.0,20,17.0
2022-02-19,West Ham,Newcastle,1,1,5.0,5,42.0,17.0,17,22.0
2022-02-19,Brighton,Burnley,0,3,9.0,9,33.0,19.0,19,17.0
2022-02-19,Aston Villa,Watford,0,1,12.0,12,27.0,18.0,18,18.0
2022-02-19,Southampton,Everton,2,0,10.0,10,32.0,16.0,16,22.0
2022-02-19,Crystal Palace,Chelsea,0,1,13.0,13,26.0,3.0,3,50.0
2022-02-19,Man City,Tottenham,2,3,1.0,1,63.0,7.0,7,39.0
2022-02-15,Man United,Brighton,2,0,4.0,4,43.0,9.0,9,33.0
2022-02-13,Leicester,West Ham,2,2,11.0,11,27.0,4.0,4,41.0
2022-02-13,Tottenham,Wolves,0,2,8.0,8,36.0,7.0,7,37.0
2022-02-13,Newcastle,Aston Villa,1,0,17.0,17,21.0,12.0,12,27.0
2022-02-13,Burnley,Liverpool,0,1,20.0,20,14.0,2.0,2,54.0
2022-02-12,Everton,Leeds,3,0,16.0,16,22.0,15.0,15,23.0
2022-02-12,Man United,Southampton,1,1,5.0,5,40.0,10.0,10,29.0
2022-02-12,Brentford,Crystal Palace,0,0,14.0,14,24.0,12.0,12,26.0
2022-02-12,Watford,Brighton,0,2,19.0,19,15.0,9.0,9,33.0
2022-02-12,Norwich,Man City,0,4,18.0,18,17.0,1.0,1,63.0
2022-02-10,Wolves,Arsenal,0,1,8.0,8,34.0,5.0,5,39.0
2022-02-10,Liverpool,Leicester,2,0,2.0,2,51.0,12.0,12,26.0
2022-02-09,Aston Villa,Leeds,3,3,11.0,11,27.0,15.0,15,23.0
2022-02-09,Tottenham,Southampton,2,3,7.0,7,36.0,10.0,10,28.0
2022-02-09,Norwich,Crystal Palace,1,1,18.0,18,17.0,13.0,13,25.0
2022-02-09,Man City,Brentford,2,0,1.0,1,60.0,14.0,14,23.0
2022-02-08,West Ham,Watford,1,0,4.0,4,40.0,19.0,19,15.0
2022-02-08,Newcastle,Everton,3,1,17.0,17,18.0,16.0,16,19.0
2022-02-08,Burnley,Man United,1,1,20.0,20,14.0,5.0,5,39.0
2022-02-05,Burnley,Watford,0,0,20.0,20,13.0,18.0,18,15.0
2022-01-23,Chelsea,Tottenham,2,0,3.0,3,47.0,7.0,7,36.0
2022-01-23,Leicester,Brighton,1,1,10.0,10,26.0,9.0,9,30.0
2022-01-23,Crystal Palace,Liverpool,1,3,13.0,13,24.0,2.0,2,48.0
2022-01-23,Arsenal,Burnley,0,0,6.0,6,36.0,20.0,20,12.0
2022-01-22,Leeds,Newcastle,0,1,15.0,15,22.0,18.0,18,15.0
2022-01-22,Brentford,Wolves,1,2,14.0,14,23.0,8.0,8,34.0
2022-01-22,Everton,Aston Villa,0,1,16.0,16,19.0,10.0,10,26.0
2022-01-22,Man United,West Ham,1,0,4.0,4,38.0,5.0,5,37.0
2022-01-22,Southampton,Man City,1,1,12.0,12,25.0,1.0,1,57.0
2022-01-21,Watford,Norwich,0,3,18.0,18,14.0,17.0,17,16.0
2022-01-19,Brentford,Man United,1,3,14.0,14,23.0,7.0,7,35.0
2022-01-19,Leicester,Tottenham,2,3,10.0,10,25.0,5.0,5,36.0
2022-01-18,Brighton,Chelsea,1,1,9.0,9,29.0,3.0,3,44.0
2022-01-16,West Ham,Leeds,2,3,4.0,4,37.0,15.0,15,22.0
2022-01-16,Liverpool,Brentford,3,0,2.0,2,45.0,14.0,14,23.0
2022-01-15,Aston Villa,Man United,2,2,13.0,13,23.0,7.0,7,32.0
2022-01-15,Wolves,Southampton,3,1,8.0,8,31.0,12.0,12,24.0
2022-01-15,Norwich,Everton,2,1,18.0,18,13.0,15.0,15,19.0
2022-01-15,Newcastle,Watford,1,1,19.0,19,12.0,17.0,17,14.0
2022-01-15,Man City,Chelsea,1,0,1.0,1,56.0,2.0,2,43.0
2022-01-14,Brighton,Crystal Palace,1,1,8.0,8,28.0,11.0,11,24.0
2022-01-12,West Ham,Norwich,2,0,4.0,4,37.0,20.0,20,10.0
2022-01-11,Southampton,Brentford,4,1,11.0,11,24.0,13.0,13,23.0
2022-01-03,Man United,Wolves,0,1,7.0,7,31.0,8.0,8,28.0
2022-01-02,Chelsea,Liverpool,2,2,2.0,2,43.0,3.0,3,42.0
2022-01-02,Leeds,Burnley,3,1,16.0,16,19.0,18.0,18,11.0
2022-01-02,Everton,Brighton,2,3,15.0,15,19.0,8.0,8,27.0
2022-01-02,Brentford,Aston Villa,2,1,12.0,12,23.0,13.0,13,22.0
2022-01-01,Crystal Palace,West Ham,2,3,11.0,11,23.0,5.0,5,34.0
2022-01-01,Watford,Tottenham,0,1,17.0,17,13.0,6.0,6,33.0
2022-01-01,Arsenal,Man City,1,2,4.0,4,35.0,1.0,1,53.0
2021-12-30,Man United,Burnley,3,1,6.0,6,31.0,18.0,18,11.0
2021-12-29,Brentford,Man City,0,1,14.0,14,20.0,1.0,1,50.0
2021-12-29,Chelsea,Brighton,1,1,2.0,2,42.0,10.0,10,24.0
2021-12-28,Southampton,Tottenham,1,1,13.0,13,21.0,6.0,6,30.0
2021-12-28,Crystal Palace,Norwich,3,0,10.0,10,23.0,20.0,20,10.0
2021-12-28,Leicester,Liverpool,1,0,9.0,9,25.0,2.0,2,41.0
2021-12-28,Watford,West Ham,1,4,17.0,17,13.0,5.0,5,31.0
2021-12-27,Newcastle,Man United,1,1,19.0,19,11.0,7.0,7,28.0
2021-12-26,Brighton,Brentford,2,0,9.0,9,23.0,13.0,13,20.0
2021-12-26,Aston Villa,Chelsea,1,3,11.0,11,22.0,3.0,3,41.0
2021-12-26,West Ham,Southampton,2,3,6.0,6,28.0,14.0,14,20.0
2021-12-26,Tottenham,Crystal Palace,3,0,5.0,5,29.0,12.0,12,20.0
2021-12-26,Norwich,Arsenal,0,5,20.0,20,10.0,4.0,4,35.0
2021-12-26,Man City,Leicester,6,3,1.0,1,47.0,10.0,10,22.0
2021-12-19,Wolves,Chelsea,0,0,8.0,8,25.0,3.0,3,38.0
2021-12-19,Newcastle,Man City,0,4,19.0,19,10.0,1.0,1,44.0
2021-12-19,Tottenham,Liverpool,2,2,7.0,7,26.0,2.0,2,41.0
2021-12-18,Leeds,Arsenal,1,4,16.0,16,16.0,4.0,4,32.0
2021-12-16,Liverpool,Newcastle,3,1,2.0,2,40.0,19.0,19,10.0
2021-12-16,Chelsea,Everton,1,1,3.0,3,37.0,14.0,14,19.0
2021-12-15,Arsenal,West Ham,2,0,4.0,4,29.0,5.0,5,28.0
2021-12-15,Crystal Palace,Southampton,2,2,11.0,11,20.0,15.0,15,17.0
2021-12-15,Brighton,Wolves,0,1,13.0,13,20.0,8.0,8,24.0
2021-12-14,Man City,Leeds,7,0,1.0,1,41.0,16.0,16,16.0
2021-12-14,Norwich,Aston Villa,0,2,20.0,20,10.0,9.0,9,22.0
2021-12-12,Crystal Palace,Everton,3,1,12.0,12,19.0,14.0,14,18.0
2021-12-12,Leicester,Newcastle,4,0,8.0,8,22.0,19.0,19,10.0
2021-12-12,Burnley,West Ham,0,0,18.0,18,11.0,4.0,4,28.0
2021-12-11,Chelsea,Leeds,3,2,3.0,3,36.0,15.0,15,16.0
2021-12-11,Man City,Wolves,1,0,1.0,1,38.0,8.0,8,21.0
2021-12-11,Arsenal,Southampton,3,0,6.0,6,26.0,16.0,16,16.0
2021-12-11,Norwich,Man United,0,1,20.0,20,10.0,5.0,5,27.0
2021-12-11,Liverpool,Aston Villa,1,0,2.0,2,37.0,12.0,12,19.0
2021-12-10,Brentford,Watford,2,1,9.0,9,20.0,17.0,17,13.0
2021-12-06,Everton,Arsenal,2,1,12.0,12,18.0,7.0,7,23.0
2021-12-05,Aston Villa,Leicester,2,1,10.0,10,19.0,11.0,11,19.0
2021-12-05,Tottenham,Norwich,3,0,5.0,5,25.0,20.0,20,10.0
2021-12-05,Man United,Crystal Palace,1,0,6.0,6,24.0,13.0,13,16.0
2021-12-05,Leeds,Brentford,2,2,14.0,14,16.0,12.0,12,17.0
2021-12-04,Southampton,Brighton,1,1,14.0,14,16.0,9.0,9,20.0
2021-12-04,West Ham,Chelsea,3,2,4.0,4,27.0,3.0,3,33.0
2021-12-04,Newcastle,Burnley,1,0,19.0,19,10.0,18.0,18,10.0
2021-12-04,Wolves,Liverpool,0,1,8.0,8,21.0,2.0,2,34.0
2021-12-04,Watford,Man City,1,3,17.0,17,13.0,1.0,1,35.0
2021-12-02,Man United,Arsenal,3,2,7.0,7,21.0,5.0,5,23.0
2021-12-02,Tottenham,Brentford,2,0,6.0,6,22.0,12.0,12,16.0
2021-12-01,Everton,Liverpool,1,4,14.0,14,15.0,3.0,3,31.0
2021-12-01,Aston Villa,Man City,1,2,13.0,13,16.0,2.0,2,32.0
2021-12-01,Wolves,Burnley,0,0,6.0,6,21.0,18.0,18,10.0
2021-12-01,West Ham,Brighton,1,1,4.0,4,24.0,7.0,7,19.0
2021-12-01,Watford,Chelsea,1,2,17.0,17,13.0,1.0,1,33.0
2021-12-01,Southampton,Leicester,2,2,15.0,16,15.0,8.0,8,19.0
2021-11-30,Newcastle,Norwich,1,1,20.0,20,7.0,18.0,18,10.0
2021-11-30,Leeds,Crystal Palace,1,0,15.0,15,15.0,12.0,12,16.0
2021-11-28,Chelsea,Man United,1,1,1.0,1,30.0,8.0,8,18.0
2021-11-28,Man City,West Ham,2,1,2.0,2,29.0,4.0,4,23.0
2021-11-28,Leicester,Watford,4,2,10.0,10,18.0,16.0,16,13.0
2021-11-28,Brentford,Everton,1,0,12.0,12,16.0,14.0,14,15.0
2021-11-27,Brighton,Leeds,0,0,8.0,8,18.0,17.0,17,12.0
2021-11-27,Norwich,Wolves,0,0,19.0,19,9.0,6.0,6,20.0
2021-11-27,Liverpool,Southampton,4,0,2.0,2,28.0,14.0,14,14.0
2021-11-27,Crystal Palace,Aston Villa,1,2,10.0,10,16.0,11.0,11,16.0
2021-11-27,Arsenal,Newcastle,2,0,5.0,5,23.0,20.0,20,6.0
2021-11-21,Man City,Everton,3,0,2.0,2,26.0,11.0,11,15.0
2021-11-21,Tottenham,Leeds,2,1,7.0,7,19.0,17.0,17,11.0
2021-11-20,Wolves,West Ham,1,0,6.0,6,19.0,4.0,4,23.0
2021-11-20,Watford,Man United,4,1,15.0,16,13.0,7.0,7,17.0
2021-11-20,Norwich,Southampton,2,1,19.0,19,8.0,13.0,13,14.0
2021-11-20,Newcastle,Brentford,3,3,20.0,20,6.0,14.0,14,13.0
2021-11-20,Burnley,Crystal Palace,3,3,18.0,18,9.0,9.0,9,16.0
2021-11-20,Aston Villa,Brighton,2,0,15.0,15,13.0,8.0,8,17.0
2021-11-20,Leicester,Chelsea,0,3,12.0,12,15.0,1.0,1,29.0
2021-11-20,Liverpool,Arsenal,4,0,2.0,2,25.0,5.0,5,20.0
2021-11-07,Leeds,Leicester,1,1,15.0,15,11.0,12.0,12,15.0
2021-11-07,Everton,Tottenham,0,0,11.0,11,15.0,9.0,9,16.0
2021-11-07,Arsenal,Watford,1,0,5.0,5,20.0,17.0,17,10.0
2021-11-07,West Ham,Liverpool,3,2,3.0,3,23.0,4.0,4,22.0
2021-11-06,Brighton,Newcastle,1,1,6.0,6,17.0,19.0,19,5.0
2021-11-06,Crystal Palace,Wolves,2,0,9.0,9,15.0,8.0,8,16.0
2021-11-06,Chelsea,Burnley,1,1,1.0,1,26.0,18.0,18,8.0
2021-11-06,Brentford,Norwich,1,2,14.0,14,12.0,20.0,20,5.0
2021-11-06,Man United,Man City,0,2,5.0,5,17.0,2.0,2,23.0
2021-11-05,Southampton,Aston Villa,1,0,12.0,12,14.0,15.0,15,10.0
2021-11-01,Wolves,Everton,2,1,7.0,7,16.0,10.0,10,14.0
2021-10-31,Norwich,Leeds,1,2,20.0,20,2.0,17.0,17,10.0
2021-10-31,Aston Villa,West Ham,1,4,15.0,15,10.0,4.0,4,20.0
2021-10-30,Leicester,Arsenal,0,2,10.0,10,14.0,6.0,6,17.0
2021-10-30,Burnley,Brentford,3,1,17.0,17,7.0,12.0,12,12.0
2021-10-30,Man City,Crystal Palace,0,2,3.0,3,20.0,13.0,13,12.0
2021-10-30,Liverpool,Brighton,2,2,2.0,2,22.0,7.0,7,16.0
2021-10-30,Watford,Southampton,0,1,16.0,16,10.0,14.0,14,11.0
2021-10-30,Newcastle,Chelsea,0,3,19.0,19,4.0,1.0,1,25.0
2021-10-30,Tottenham,Man United,0,3,8.0,8,15.0,5.0,5,17.0
2021-10-24,Man United,Liverpool,0,5,7.0,7,14.0,2.0,2,21.0
2021-10-24,West Ham,Tottenham,1,0,4.0,4,17.0,6.0,6,15.0
2021-10-24,Brentford,Leicester,1,2,12.0,12,12.0,9.0,9,14.0
2021-10-23,Brighton,Man City,1,4,4.0,4,15.0,2.0,2,20.0
2021-10-23,Southampton,Burnley,2,2,16.0,16,8.0,18.0,18,4.0
2021-10-23,Leeds,Wolves,1,1,17.0,17,7.0,10.0,10,13.0
2021-10-23,Everton,Watford,2,5,8.0,8,14.0,14.0,14,10.0
2021-10-23,Crystal Palace,Newcastle,1,1,15.0,15,9.0,19.0,19,4.0
2021-10-23,Chelsea,Norwich,7,0,1.0,1,22.0,20.0,20,2.0
2021-10-22,Arsenal,Aston Villa,3,1,9.0,9,14.0,13.0,13,10.0
2021-10-18,Arsenal,Crystal Palace,2,2,12.0,12,11.0,14.0,14,8.0
2021-10-17,Newcastle,Tottenham,2,3,19.0,19,3.0,5.0,5,15.0
2021-10-17,Everton,West Ham,0,1,8.0,8,14.0,7.0,7,14.0
2021-10-16,Brentford,Chelsea,0,1,7.0,7,12.0,1.0,1,19.0
2021-10-16,Southampton,Leeds,1,0,15.0,15,7.0,17.0,17,6.0
2021-10-16,Norwich,Brighton,0,0,20.0,20,2.0,4.0,4,15.0
2021-10-16,Man City,Burnley,2,0,3.0,3,17.0,19.0,19,3.0
2021-10-16,Leicester,Man United,4,2,11.0,11,11.0,5.0,5,14.0
2021-10-16,Aston Villa,Wolves,2,3,12.0,12,10.0,8.0,8,12.0
2021-10-16,Watford,Liverpool,0,5,16.0,16,7.0,2.0,2,18.0
2021-10-03,Tottenham,Aston Villa,2,1,8.0,8,12.0,10.0,10,10.0
2021-10-03,Crystal Palace,Leicester,2,2,14.0,14,7.0,13.0,13,8.0
2021-10-03,Liverpool,Man City,2,2,2.0,2,15.0,3.0,3,14.0
2021-10-03,West Ham,Brentford,1,2,9.0,9,11.0,7.0,7,12.0
2021-10-02,Brighton,Arsenal,0,0,5.0,5,14.0,9.0,9,10.0
2021-10-02,Wolves,Newcastle,2,1,11.0,11,9.0,19.0,19,3.0
2021-10-02,Leeds,Watford,1,0,16.0,16,6.0,13.0,14,7.0
2021-10-02,Chelsea,Southampton,3,1,1.0,1,16.0,17.0,17,4.0
2021-10-02,Burnley,Norwich,0,0,18.0,18,3.0,20.0,20,1.0
2021-10-02,Man United,Everton,1,1,3.0,3,14.0,4.0,4,14.0
2021-09-27,Crystal Palace,Brighton,1,1,15.0,15,6.0,6.0,6,13.0
2021-09-26,Southampton,Wolves,0,1,16.0,16,4.0,14.0,14,6.0
2021-09-26,Arsenal,Tottenham,3,1,10.0,10,9.0,11.0,11,9.0
2021-09-25,Brentford,Liverpool,3,3,9.0,9,9.0,1.0,1,14.0
2021-09-25,Watford,Newcastle,1,1,11.0,11,7.0,17.0,17,3.0
2021-09-25,Leicester,Burnley,2,2,12.0,12,7.0,19.0,19,2.0
2021-09-25,Leeds,West Ham,1,2,18.0,18,3.0,7.0,7,11.0
2021-09-25,Everton,Norwich,2,0,5.0,5,13.0,20.0,20,0.0
2021-09-25,Man United,Aston Villa,0,1,4.0,4,13.0,8.0,8,10.0
2021-09-25,Chelsea,Man City,0,1,3.0,3,13.0,2.0,2,13.0
2021-09-19,West Ham,Man United,1,2,8.0,8,8.0,3.0,3,13.0
2021-09-19,Brighton,Leicester,2,1,4.0,4,12.0,12.0,12,6.0
2021-09-19,Tottenham,Chelsea,0,3,7.0,7,9.0,1.0,1,13.0
2021-09-18,Norwich,Watford,1,3,20.0,20,0.0,11.0,11,6.0
2021-09-18,Man City,Southampton,0,0,2.0,2,10.0,15.0,15,4.0
2021-09-18,Liverpool,Crystal Palace,3,0,1.0,1,13.0,14.0,14,5.0
2021-09-18,Burnley,Arsenal,0,1,19.0,19,1.0,13.0,13,6.0
2021-09-18,Wolves,Brentford,0,2,16.0,16,3.0,9.0,9,8.0
2021-09-18,Aston Villa,Everton,3,0,10.0,10,7.0,5.0,5,10.0
2021-09-17,Newcastle,Leeds,1,1,18.0,18,2.0,16.0,16,3.0
2021-09-13,Everton,Burnley,3,1,4.0,4,10.0,18.0,18,1.0
2021-09-12,Leeds,Liverpool,0,3,17.0,17,2.0,2.0,3,10.0
2021-09-11,Man United,Newcastle,4,1,1.0,1,10.0,19.0,19,1.0
2021-09-11,Arsenal,Norwich,1,0,16.0,16,3.0,20.0,20,0.0
2021-09-11,Brentford,Brighton,0,1,10.0,10,5.0,4.0,4,9.0
2021-09-11,Leicester,Man City,0,1,9.0,9,6.0,3.0,3,9.0
2021-09-11,Southampton,West Ham,0,0,14.0,14,3.0,6.0,6,8.0
2021-09-11,Watford,Wolves,0,2,15.0,15,3.0,13.0,13,3.0
2021-09-11,Chelsea,Aston Villa,3,0,2.0,2,10.0,12.0,12,4.0
2021-09-11,Crystal Palace,Tottenham,3,0,11.0,11,5.0,5.0,5,9.0
2021-08-29,Tottenham,Watford,1,0,1.0,1,9.0,12.0,12,3.0
2021-08-29,Burnley,Leeds,1,1,16.0,16,1.0,15.0,15,2.0
2021-08-29,Wolves,Man United,0,1,18.0,18,0.0,3.0,3,7.0
2021-08-28,Man City,Arsenal,5,0,5.0,5,6.0,20.0,20,0.0
2021-08-28,Newcastle,Southampton,2,2,15.0,15,1.0,13.0,13,2.0
2021-08-28,Aston Villa,Brentford,1,1,11.0,11,4.0,9.0,9,5.0
2021-08-28,Brighton,Everton,0,2,7.0,7,6.0,4.0,4,7.0
2021-08-28,Liverpool,Chelsea,1,1,2.0,3,7.0,2.0,2,7.0
2021-08-28,Norwich,Leicester,1,2,19.0,19,0.0,8.0,8,6.0
2021-08-28,West Ham,Crystal Palace,2,2,1.0,1,7.0,14.0,14,2.0
2021-08-23,West Ham,Leicester,4,1,1.0,1,6.0,12.0,12,3.0
2021-08-22,Arsenal,Chelsea,0,2,19.0,19,0.0,1.0,1,6.0
2021-08-22,Wolves,Tottenham,0,1,16.0,16,0.0,4.0,4,6.0
2021-08-22,Southampton,Man United,1,1,13.0,13,1.0,5.0,5,4.0
2021-08-21,Brighton,Watford,2,0,2.0,2,6.0,12.0,12,3.0
2021-08-21,Man City,Norwich,5,0,5.0,5,3.0,20.0,20,0.0
2021-08-21,Leeds,Everton,2,2,14.0,14,1.0,3.0,3,4.0
2021-08-21,Crystal Palace,Brentford,0,0,13.0,13,1.0,4.0,4,4.0
2021-08-21,Aston Villa,Newcastle,2,0,9.0,9,3.0,19.0,19,0.0
2021-08-21,Liverpool,Burnley,2,0,1.0,1,6.0,18.0,18,0.0
2021-08-15,Tottenham,Man City,1,0,9.0,10,3.0,13.0,13,0.0
2021-08-15,Newcastle,West Ham,2,4,15.0,15,0.0,4.0,4,3.0
2021-08-14,Burnley,Brighton,1,2,14.0,14,0.0,7.0,7,3.0
2021-08-14,Everton,Southampton,3,1,4.0,4,3.0,16.0,16,0.0
2021-08-14,Chelsea,Crystal Palace,3,0,2.0,2,3.0,18.0,18,0.0
2021-08-14,Man United,Leeds,5,1,1.0,1,3.0,20.0,20,0.0
2021-08-14,Leicester,Wolves,1,0,8.0,8,3.0,15.0,15,0.0
2021-08-14,Watford,Aston Villa,3,2,6.0,6,3.0,13.0,13,0.0
2021-08-14,Norwich,Liverpool,0,3,18.0,19,0.0,2.0,3,3.0
2021-08-13,Brentford,Arsenal,2,0,1.0,1,3.0,20.0,20,0.0
